eia_id,huc4
1516,0101
1513,0101
54134,0102
55288,0102
10255,0102
50699,0102
57184,0102
59438,0102
1478,0102
59437,0102
1475,0102
10555,0103
1492,0103
1511,0103
1510,0103
10186,0103
1509,0103
1504,0103
10066,0103
54148,0103
54124,0103
10523,0103
1499,0103
1500,0103
1498,0103
1497,0103
50688,0103
50999,0104
10570,0104
50741,0104
54639,0104
2368,0104
2358,0104
10493,0104
50082,0104
50047,0104
50081,0104
50080,0104
1488,0104
1480,0104
1491,0104
805,0104
7047,0104
54202,0104
54123,0104
10728,0104
52171,0104
50278,0104
1483,0104
50758,0104
10613,0105
1469,0105
1501,0106
50447,0106
9858,0106
1493,0106
7669,0106
7668,0106
7667,0106
1482,0106
1508,0106
1481,0106
1505,0106
1486,0106
7401,0106
7402,0106
7403,0106
10059,0106
10519,0106
54418,0106
50704,0106
50702,0106
7395,0107
2355,0107
50324,0107
2356,0107
54572,0107
10276,0107
10109,0107
58712,0107
2360,0107
10036,0107
54384,0107
50351,0107
50353,0107
50414,0107
10824,0107
10825,0107
10183,0107
10694,0107
2357,0107
50312,0107
50103,0107
50384,0107
2354,0107
2359,0107
10556,0107
50545,0107
3750,0108
3721,0108
3707,0108
3762,0108
3763,0108
3743,0108
3713,0108
3718,0108
788,0108
10608,0108
2351,0108
2349,0108
6483,0108
10526,0108
50539,0108
3709,0108
2353,0108
54471,0108
590,0108
10137,0108
3727,0108
50126,0108
50285,0108
3710,0108
3745,0108
59040,0108
59089,0108
50901,0108
2352,0108
6388,0108
1629,0108
3780,0301
1605,0108
1603,0108
1602,0108
1608,0108
9864,0108
1607,0108
54981,0108
1604,0108
3746,0108
6529,0108
1620,0108
6012,0108
6132,0306
8004,0108
6119,0108
6047,0108
6083,0108
1634,0108
50889,0108
1638,0108
50832,0108
52166,0108
6378,0108
1637,0108
6379,0108
50166,0108
61640,0108
1630,0108
54302,0108
559,0108
10823,0109
50601,0109
50177,0109
55860,0110
557,0110
554,0110
560,0110
541,0110
6087,0307
552,0110
553,0110
10063,0110
54385,0110
10218,0202
6527,0202
2614,0202
50280,0202
52067,0202
10853,0202
10852,0202
10219,0202
10902,0202
2607,0202
54580,0202
2609,0202
2612,0202
54772,0202
56936,0202
10530,0202
54953,0202
50514,0202
2489,0202
2580,0202
2606,0202
50034,0202
625,0202
54395,0202
2584,0202
61207,0202
2619,0202
2599,0202
808,0202
50354,0202
52057,0202
51034,0202
10238,0202
2543,0202
2579,0202
2560,0202
2686,0202
2605,0202
10467,0202
2685,0202
10221,0202
6130,0315
50031,0202
50123,0202
58873,0202
88,0202
10848,0202
2481,0202
2486,0202
51033,0202
579,0202
54573,0202
50311,0203
52068,0203
2627,0204
3153,0204
2631,0204
2630,0204
2634,0204
2483,0204
2780,0602
50079,0205
10152,0205
7128,0205
3117,0205
3175,0205
3145,0205
6140,0711
1574,0205
6544,0207
6543,0207
6545,0207
3792,0207
3790,0207
3789,0207
3793,0207
6546,0207
6168,0208
187,0804
3798,0208
50479,0208
3821,0208
56313,0208
3779,0208
56314,0208
10155,0208
3778,0301
518,1019
3777,0301
3833,0301
7516,0301
3825,0301
54801,0301
3834,0301
3826,0301
54655,0301
50178,0301
2756,0301
2758,0301
50175,0301
50468,0302
10258,0303
58390,0303
10051,0303
54897,0304
54896,0304
54895,0304
54894,0304
2714,0304
2707,0304
2719,0305
2730,0305
2726,0305
2729,0305
2728,0305
2722,0305
3271,0305
10550,0305
2733,0305
3255,0305
3259,0305
3256,0305
3257,0305
3270,0305
2736,0305
2735,0305
2773,0305
54675,0305
52049,0305
58257,0305
3258,0305
3272,0305
10173,0305
3275,0305
3289,0305
145,1506
3290,0305
3283,0305
10787,0305
10800,0305
10799,0305
3267,0305
3253,0305
10801,0305
3261,0305
3254,0305
3293,0305
3321,0305
6789,0305
3319,0305
148,1506
6163,1702
6517,0306
718,0306
704,0306
723,0306
724,0306
725,0306
729,0306
3305,0306
754,0306
437,1802
3323,0306
736,0306
54462,0306
54322,0306
61000,0306
7191,0307
10121,0307
438,1802
722,0307
54872,0307
50242,0307
712,0307
759,0313
717,0313
6133,0313
721,0313
702,0313
720,0313
707,0313
719,0313
761,0313
690,0313
752,0313
706,0313
53,0314
55,0314
392,1807
57854,1807
760,0315
20,0315
11,0315
14,0315
15,0315
17,0315
13,0315
6188,0315
16,0315
21,0315
19,0315
4,0315
6131,0315
38,0315
18,0316
2,0316
12,0316
1899,0401
1895,0401
50639,0401
1901,0401
1894,0401
1757,0401
1756,0401
3989,0401
1774,0402
1773,0402
7116,0402
1842,0402
1839,0402
7115,0402
7117,0402
4147,0403
4044,0403
50439,0403
4061,0403
4065,0403
4067,0403
4074,0403
4071,0403
4070,0403
1821,0403
1779,0403
1775,0403
1785,0403
1777,0403
1780,0403
1781,0403
4045,0403
59836,0403
7820,0403
7821,0403
1778,0403
57190,0403
1848,0403
1776,0403
1786,0403
1787,0403
50408,0403
50409,0403
7118,0403
1771,0403
7390,0403
7812,0403
6454,0403
4058,0403
4047,0403
4119,0403
4122,0403
54679,0403
4043,0403
54885,0403
7822,0403
4201,0403
10054,0403
54016,0403
1863,0405
1856,0405
1760,0405
1761,0405
986,0405
989,0405
10656,0405
1754,0405
1753,0405
1844,0405
1694,0405
1833,0405
1722,0405
7804,0405
7800,0405
7801,0405
50433,0405
50436,0405
1828,0406
547,0108
1716,0406
1707,0406
1701,0406
1708,0406
1698,0406
4248,0406
1865,0420
1751,0420
50461,0407
1871,0407
1688,0407
54342,0407
54341,0407
54340,0407
1714,0407
1693,0407
1712,0407
1704,0407
1700,0407
1705,0407
50159,0408
50160,0408
50157,0408
50158,0408
1852,0408
50437,0410
7657,0410
2693,0427
8005,0108
2592,0413
2568,0413
2623,0413
2578,0413
2646,0413
10025,0413
2639,0413
2641,0413
2638,0413
2545,0414
2582,0414
61642,0414
61641,0414
10286,0414
2542,0414
54865,0414
2566,0414
2569,0414
2595,0414
2596,0414
2586,0414
2621,0414
2574,0414
50768,0414
10687,0414
10817,0414
56705,0414
56704,0414
50652,0414
10196,0414
56703,0414
2588,0414
50513,0414
2557,0414
2610,0414
2555,0414
2559,0414
2617,0414
2544,0414
2575,0414
10490,0414
54691,0414
10545,0414
10872,0414
2572,0414
2552,0414
54548,0414
50416,0414
50759,0414
2700,0414
10531,0414
2581,0414
2546,0414
2608,0414
10538,0414
50512,0414
10540,0414
2694,0429
10237,0429
10124,0429
2548,0429
2563,0429
58679,0429
2604,0429
58678,0429
7583,0429
10116,0429
453,0429
743,0429
10544,0429
6572,0429
54878,0429
2573,0429
2556,0429
52058,0429
10197,0429
10539,0429
10547,0429
2598,0429
2547,0429
2613,0429
2611,0429
2562,0429
2600,0429
2616,0429
2571,0429
2551,0429
2576,0429
2601,0429
2590,0429
2561,0429
2591,0429
50268,0429
50269,0429
2624,0429
10220,0429
2597,0429
2540,0429
2550,0429
2583,0429
50315,0430
50093,0430
6456,0430
3714,0430
3719,0430
3722,0430
6453,0430
6450,0430
3725,0430
3724,0430
50713,0430
6451,0430
3728,0430
3716,0430
6519,0430
3739,0430
7051,0430
3740,0430
52033,0430
6520,0430
7056,0430
3737,0430
54355,0430
6475,0430
6526,0430
54391,0430
6477,0430
678,0430
3765,0430
3764,0430
3712,0430
3720,0430
3717,0430
3711,0430
2564,0430
50176,0430
2530,0430
2522,0430
6486,0430
2532,0430
10214,0430
3733,0430
4246,0430
3757,0430
6618,0430
10494,0430
10753,0430
10752,0430
3731,0430
3729,0430
3753,0430
539,0110
3124,0501
58685,0501
50897,0501
50898,0501
50894,0501
50893,0501
52173,0501
6636,0502
1567,0502
52036,0502
10285,0503
10546,0503
50036,0503
57401,0503
7594,0503
6006,0503
2782,0505
10798,0505
3773,0505
3772,0505
3774,0505
3827,0505
50011,0505
56333,0505
50010,0505
6560,0505
6561,0505
6562,0505
7279,0506
7807,0508
4258,0509
56872,0509
1005,0509
1354,0510
1359,0510
998,0512
999,0512
6171,0513
1380,0513
3424,0513
3423,0513
3404,0513
6417,0513
3426,0513
3428,0513
6418,0513
1371,0513
1365,0514
57399,0514
57400,0514
3416,0601
3395,0601
3401,0601
3418,0601
3421,0601
3397,0601
50890,0601
10181,0601
2710,0601
2715,0601
3400,0601
3402,0601
2747,0601
6438,0601
2745,0601
2779,0601
2749,0601
2750,0601
2751,0601
2741,0601
2743,0601
2742,0601
54898,0601
54900,0601
54899,0601
54901,0601
3411,0601
3408,0601
3420,0602
3398,0602
2691,0202
3409,0603
2778,0602
2746,0602
758,0602
3394,0602
6522,0204
757,0602
3413,0602
3414,0602
3412,0602
48,0603
49,0603
3417,0603
6440,0603
3415,0603
1377,0604
1938,0701
378,0701
10686,0701
50636,0701
1896,0701
1898,0701
1900,0701
1892,0701
50252,0701
57069,0701
1911,0701
57665,0701
54285,0701
1977,0702
2009,0702
52054,0702
3976,0703
4019,0703
4017,0703
4018,0703
3985,0703
4012,0703
6231,0703
4010,0703
4011,0703
347,0703
4134,0703
4133,0703
50328,0704
2007,0704
4128,0704
4006,0704
4104,0704
1987,0704
3997,0705
10453,0705
3995,0705
50620,0705
55685,0705
55684,0705
3983,0705
4142,0705
3986,0705
3988,0705
4007,0705
6086,0705
4008,0705
4015,0705
4000,0705
4002,0705
4102,0705
3998,0705
4009,0705
1067,0706
4069,0707
50933,0707
4064,0707
54568,0707
4075,0707
50476,0707
4066,0707
4063,0707
4060,0707
4068,0707
4077,0707
50190,0707
50614,0707
3972,0707
3973,0707
3975,0707
3971,0707
3974,0707
54103,0707
50395,0707
4080,0707
4079,0707
4053,0707
4056,0707
4129,0707
899,0708
1053,0708
1109,0708
1196,0708
1065,0708
4136,0709
4052,0709
7810,0709
903,0709
54969,0709
7474,0709
56978,0709
1173,0710
3164,0205
54525,0712
10903,0712
10520,0712
955,0713
7246,0802
197,0804
166,0804
174,0804
6167,0208
195,0804
54678,0804
1943,0902
6540,0902
1949,0902
1947,0902
1941,0902
2014,0902
1902,0903
10487,0903
6422,1002
57690,1003
2191,1003
2194,1003
2182,1003
2193,1003
2181,1003
2186,1003
2185,1003
54006,1003
56499,1003
6623,1004
2192,1007
10138,1007
58120,1007
505,1008
7317,1008
4183,1008
6408,1008
7541,1008
674,1008
2204,1008
57551,1008
58438,1012
2815,1011
3375,1014
3356,1013
3373,1014
6624,1017
6409,1018
4176,1018
4177,1018
4178,1018
4180,1018
4182,1018
785,1018
6126,0305
513,1019
519,1019
517,1401
515,1019
58622,1019
466,1019
2274,1019
10424,1019
472,1019
7125,0306
7468,1019
10423,1401
10070,1019
54680,1019
10081,1019
54679,1019
509,1019
54142,1019
55931,1019
476,1401
2229,1020
2228,1020
2227,1020
2268,1020
2260,1020
2273,1021
2303,1021
10279,1027
3262,0306
2124,1029
2106,1029
2099,1029
182,1101
198,1101
188,1101
196,1101
2166,1101
6280,1101
6189,0315
57160,1101
57162,1101
57161,1101
1713,0406
50435,1102
495,1102
494,1102
474,1102
475,1102
7233,1102
2984,1111
7545,1106
3003,1107
2981,1107
2980,1107
2692,0427
6419,1109
2985,1111
3004,1111
2987,1111
54283,1111
199,1111
6142,1111
7040,1111
7135,1111
7166,1111
6416,1113
6415,1114
6595,1201
7200,1202
6413,1202
794,1203
61355,1203
6414,1206
3594,1209
3595,1209
3597,1209
3598,1209
3599,1209
3600,1209
791,1210
7394,1210
3581,1210
3582,1210
3583,1210
3584,1210
3585,1210
3586,1210
3616,1210
7593,1302
7789,1302
6402,1302
3437,1308
6128,1304
6410,1308
516,1401
521,1401
520,1401
7458,1401
60119,1401
10422,1401
10421,1401
7796,1401
473,1401
512,1402
6159,1402
514,1402
58783,1402
58784,1402
58901,1402
61189,1402
50267,1402
61190,1402
61191,1402
7372,1403
7373,1408
6207,1403
6405,1404
4185,1404
7050,1404
54729,1405
3704,1406
3705,1406
153,1407
3699,1407
7590,1407
50206,1408
584,1408
6206,1408
2465,1408
52039,1501
7069,1501
3635,1501
3636,1501
3634,1501
7362,1501
152,1503
154,1501
8902,1501
447,1503
585,1810
385,1810
386,1810
387,1810
57364,1503
8225,0501
7179,1503
6151,0602
467,1019
143,1506
100,1506
149,1506
150,1506
6141,1029
831,1601
827,1601
829,1601
830,1601
3674,1601
3646,1601
7034,1601
3675,1601
987,1601
7150,1601
845,1601
10325,1601
3666,1601
7548,1602
3698,1602
3697,1602
4263,1602
7132,1602
3656,1602
3661,1602
6404,1602
3691,1602
3692,1602
61853,1602
3659,1602
3690,1602
3673,1602
3658,1602
3688,1602
3689,1602
7027,1602
7435,1602
6537,1602
159,1602
7434,1602
7016,1603
3651,1602
3679,1603
3643,1603
3685,1603
3680,1603
6536,1603
6538,1603
925,1603
2108,1101
1020,1603
3676,1603
7586,1603
7787,1603
3682,1603
7015,1603
3681,1603
3664,1603
3668,1603
2346,1604
7066,1605
6513,1605
6531,1605
6532,1605
50261,1605
6521,1605
6172,1701
6506,1701
2179,1701
54249,1701
2203,1701
851,1701
2188,1701
2195,1701
3891,1701
2199,1701
833,1701
6433,1701
6459,1701
58392,1701
3892,1701
9095,1701
9096,1701
3869,1701
3867,1701
835,1701
50380,1701
3866,1701
6208,1102
7113,1702
56698,1702
56694,1702
917,1702
56695,1702
56696,1702
56697,1702
3921,1702
6424,1702
6200,1702
3887,1702
3888,1702
3883,1702
3886,1702
3868,1702
50091,1702
6406,1703
6407,1703
57496,1703
50423,1703
50421,1703
6507,1703
6508,1703
850,1704
6394,1704
6393,1704
6398,1704
809,1704
4204,1704
6359,1704
54386,1704
10807,1704
54812,1704
821,1704
7718,1704
810,1704
816,1704
825,1704
832,1704
823,1704
815,1704
7079,1704
822,1704
818,1704
844,1704
841,1704
843,1704
7012,1704
7190,1704
790,1704
10296,1704
10740,1704
10781,1704
10809,1704
54753,1704
10049,1704
50987,1704
50323,1704
10140,1704
50718,1704
10806,1704
54514,1704
10808,1704
50895,1704
54394,1704
54668,1704
50896,1704
54558,1704
54306,1704
50972,1704
56893,1704
814,1704
820,1704
61217,1704
61688,1704
6395,1705
6396,1705
6397,1705
813,1705
56498,1705
50361,1705
50362,1705
50360,1705
56997,1705
58384,1705
10014,1705
819,1705
812,1705
10735,1705
54524,1705
6700,1705
811,1705
3014,1705
3925,1706
3926,1706
6175,1706
3927,1706
3041,1706
3013,1706
50891,1706
840,1706
54674,1706
3082,1707
3084,1707
7511,1707
3895,1707
7431,1707
10323,1707
50917,1707
10324,1707
50382,1707
58455,1707
3050,1707
3048,1707
54721,1707
50980,1707
54251,1707
57437,1707
6484,1707
3075,1708
3847,1708
3918,1708
3917,1708
3852,1708
3850,1708
6265,1708
3929,1708
4213,1708
4214,1708
7427,1708
7426,1708
60868,1709
3074,1709
3076,1709
3077,1709
3078,1709
6552,1709
3080,1709
3081,1709
3083,1709
59357,1709
3047,1709
3045,1709
3049,1709
6505,1709
3053,1709
3067,1709
3068,1709
3071,1709
7508,1709
52155,1709
52187,1709
3017,1709
7127,1710
7259,1710
6174,1710
7391,1710
3037,1710
3036,1710
3026,1710
3040,1710
3021,1710
3020,1710
6421,1710
3029,1710
3034,1710
3033,1710
3035,1710
3032,1710
50938,1710
3024,1710
3914,1711
3915,1711
6202,1711
6432,1711
6431,1711
3913,1711
3916,1711
3861,1711
3855,1711
7588,1711
3860,1711
7867,1711
9842,1711
622,1711
54267,1711
50700,1711
50228,1711
50827,1711
50544,1711
54860,1711
7407,1711
54387,1711
54652,1711
3878,1711
57763,1711
3854,1711
6430,1711
58696,1711
60418,1711
60517,1711
7489,1801
54261,1801
274,1801
10128,1801
54654,1801
54308,1801
59428,1801
6403,1801
442,1802
977,1801
451,1801
3025,1801
3042,1801
58470,1801
297,1801
296,1801
295,1801
294,1801
3028,1801
10737,1801
10282,1801
266,1802
267,1802
268,1802
249,1802
269,1802
270,1802
243,1802
265,1802
50179,1802
55009,1802
10708,1802
50961,1802
10882,1802
10881,1802
10458,1802
10706,1802
50223,1802
10707,1802
10880,1802
441,1802
444,1802
7151,1802
7224,1802
262,1802
7229,1802
238,1802
7338,1802
220,1802
714,1802
231,1802
275,1802
424,1802
763,1802
425,1802
427,1802
426,1802
417,1802
419,1802
776,1802
2982,1107
432,1802
433,1802
6612,1802
431,1802
430,1802
522,1802
435,1802
534,1802
221,1802
222,1802
223,1802
219,1802
626,1802
272,1802
225,1802
454,1802
4229,1802
455,1802
50546,1802
413,1802
412,1802
34,1802
632,1802
283,1802
281,1802
282,1802
235,1802
236,1802
237,1802
233,1802
214,1802
846,1802
847,1802
531,1802
50892,1802
50128,1802
50129,1802
839,1802
10253,1802
7507,1802
54653,1802
242,1802
255,1802
443,1802
445,1802
450,1802
7646,1802
7189,1802
224,1802
253,1802
229,1802
232,1802
290,1802
180,1802
280,1802
248,1802
227,1802
418,1802
7129,1802
241,1802
292,1802
50156,1802
50350,1802
10709,1802
10222,1803
54343,1803
10139,1803
328,1803
58606,1803
7907,1803
217,1803
218,1803
7911,1803
337,1803
336,1803
338,1803
365,1803
289,1803
340,1803
240,1803
254,1803
339,1803
244,1802
7164,1507
50037,1803
6158,1804
7043,1603
6100,1803
50393,1804
50322,1804
50755,1804
322,1804
321,1804
446,1804
250,1804
682,1804
319,1804
279,1804
287,1804
291,1804
239,1804
264,1804
230,1804
277,1804
276,1804
278,1804
293,1804
414,1804
415,1804
320,1804
261,1804
416,1804
344,1804
285,1804
284,1804
354,1804
317,1804
318,1804
410,1804
409,1804
439,1804
54554,1804
54555,1804
258,1804
215,1804
161,1804
162,1804
376,1804
537,1804
50400,1804
428,1804
461,1804
459,1804
489,1804
751,1804
499,1804
380,1804
381,1804
382,1804
440,1804
50218,1804
50219,1804
50180,1802
50352,1806
6449,1807
50076,1807
905,1809
448,1804
6196,1807
6643,1807
6644,1807
6645,1807
6646,1807
6647,1807
316,1807
72,1807
50233,1807
482,1807
483,1807
50375,1807
54017,1807
487,1807
56125,1807
397,1807
396,1807
403,1807
6479,1807
6480,1807
7077,1807
104,1804
343,1807
361,1807
362,1807
363,1807
346,1807
9762,1807
7147,1807
436,1807
332,1807
479,1807
480,1807
481,1807
745,1807
458,1807
457,1807
50147,1807
50492,1807
484,1807
7942,1807
56615,1807
57729,1807
353,1809
357,1809
342,1809
323,1809
324,1809
325,1809
326,1809
327,1809
391,1809
393,1809
394,1809
395,1809
398,1809
407,1809
401,1809
402,1809
7072,1809
388,1503
359,1810
10162,1810
586,1810
6370,1810
314,1810
4120,0403
91,1901
84,1901
66,1901
6581,1901
6580,1901
6291,1902
93,1901
7334,1901
7333,1901
65,1901
62,1901
390,1902
71,1902
313,1901
70,1901
7367,1902
7042,1902
6702,1901
7752,1901
7751,1901
7862,1902
7547,1902
56542,1901
57085,1901
58982,1902
58977,1901
77,1902
78,1901
63,1901
6302,1901
7168,1901
7410,1902
10412,2007
771,2001
774,2001
7493,1903
10413,2007
10604,2002
50333,2007
54827,2001
10073,2007
56265,1901
55864,2002
58277,2002
61166,1901
60466,1807
7183,1903
58645,1203
58434,0710
58977,0107
62322,0202
6400,1003
54688,0109
580,0110
583,0110
551,0110
582,0110
